atp_id,flash_url,flash_id
k030,kuhnen-patrick,8Acp6oHH
m035,mattar-luis,ddE6oE6N
w001,wahlgren-lars,h0ttDpa3
l202,lopez-montoya-german,MLcb0DVO
p021,perez-diego,nkjcdh5n
g023,gomez-andres,GdgLsyPl
k133,kroon-niclas,dCuIuyyb
w144,wohrmann-jens,v5lgJX1e
z045,zoecke-marcus,n1dl55WN
n201,n-goran-clement,UXhvHVuj
o099,o-brien-alex,YTEknQX1
d214,damm-martin,vuqtbHXH
c383,carretero-roberto,Qij1velp
m440,merinov-andrey,I9En8Ipi
r240,rascon-lope-juan-luis,rDZQnGWC
l249,ladipo-sulieman,SxTJzo7G
m513,martinez-oscar,WzyhkdkU
h346,hernandez-alejandro,n3qNExjN
m590,martin-alberto,j7QH5H1m
d272,dupuis-anthony,n1zwVDDq
m600,moldovan-ion,rqgKcJGg
z059,zingman-andres,fw3bJzl5
s636,schuttler-rainer,8xC5exwt
n259,navarro-salvador,A9d38Pba
m478,munoz-hernandez-joaquin,bRjLJzWn
l333,lee-martin,IDPa4o3r
s604,sa-andre,jwt3EXzN
s676,serrano-gamez-oscar,lAd6HhVB
m323,mas-jordi,WY3RUPx7
n238,nicolas-eduardo,vu08gGYf
g415,gonzalez-fernando,EJJP3UnQ
g414,garcia-adrian,KMkSt7uD
s677,sanchez-munoz-david,f9OwapFp
l480,lopez-marc,W2Zjdrgt
p524,perez-minarro-didac,ljfiu3gg
h472,hernandez-perez-oscar,G4KkpN0J
h469,hippensteel-k-j,4CajIhZO
g681,gabashvili-teimuraz,MTJwZBpd
a457,aguilar-jorge,hMrVH44j
d361,dell-acqua-massimo,I5UfYR4I
e180,elgin-mikhail,YV9SNJCL
sf76,skugor-franco,p4i31Iao
mi08,marti-javier,6TLePago
n674,novikov-dennis,prRKazUA
gd64,garin-cristian,U73k5I15
mf36,mecir-miloslav,EiWBc9q3
g892,gonzalez-alejandro,jgdMLMd1
gb42,gomez-alejandro,QVdshMKT
w09g,wolf-jeffrey-john,f5Zc3wW6
o483,o-connell-christopher,SptFeDiE
m383,middleton-t-j,QVBVGAAk
r042,ross-john,ngR9hEzP
c311,crow-pat,6s0KwH4G
d211,de-jager-john-laffine,vuargur7
n228,n-goran-claude,8ECCURYB
m632,mitchell-toby,fH7S1GPo
r367,rake-rodolpho,bJrI9Gv9
y039,zhang-yu,MqgGrvEC
w270,wong-wayne,rm5wklwG
o165,osuna-patrick,0GWTyfV3
v296,vlasov-dmitri,nBBbOur9
n314,nijaki-radoslav,jeOQ0CDQ
a499,alawadhi-omar,8t0wRBKF
h382,hellstrom-mattias,lnxAsc6o
g426,gruber-konstantin,nRGYwF5U
g531,al-ghareeb-mohammed,23T6Nxrd
c813,chen-ti,6oH6yXVm
k777,kirillov-evgeni,ObBowqz5
y105,yu-xin-yuan,YDexWOBh
m778,martin-david,QL0nJYJI
j361,jones-greg,bNB7q7Xt
o174,o-neal-justin,z7lqKzA2
m744,maamoun-karim,fJqOWPy0
l733,li-zhe,vDaLIsi2
sg66,siriluethaiwattana-peraklat,QXGmTXbl
g820,gao-xin-1994,lS0TT3Li
sk97,shyla-yaraslav,CbeHrM4a
l950,lazov-alexander,698p3BXG
h896,hernandez-fernandez-jose,8xWQf8rq
